trialname,ordertrial
ELIXA,1
EMPA-REG OUTCOME,1
CANVAS program,2
LEADER,2
DECLARE-TIMI 58,3
SUSTAIN-6,3
CREDENCE,4
EXSCEL,4
FREEDOM-CVO,5
VERTIS CV,5
DAPA-HF,6
Harmony Outcomes,6
EMPEROR-Reduced,7
REWIND,7
DAPA-CKD,8
PIONEER 6,8
AMPLITUDE-O,9
EMPEROR-Preserved,9
SOLOIST-WHF,10
SCORED,11
DELIVER,12
EMPA-KIDNEY,13